sample,DICE_et,DICE_tc,DICE_wt,Hausdorff_et,Hausdorff_tc,Hausdorff_wt,Sensitivity_et,Sensitivity_tc,Sensitivity_wt,Specificity_et,Specificity_tc,Specificity_wt,True_volume_et,True_volume_tc,True_volume_wt,Predicted_volume_et,Predicted_volume_tc,Predicted_volume_wt
SBT-MET-A000726-20180528.nii.gz,0.8817182439987802,0.9485804698442973,0.8156144284366934,2.061553506709199,3.000001907349391,6.873866872176092,0.883463077482721,0.9099230213471524,0.6886852556203672,0.9996087397180781,0.9999609934368442,0.9999991655356496,34.362549155950546,48.09781880438328,131.06368748784064,34.498549350500106,44.17756319642067,90.27037913262843
SBT-MET-A000727-20180724.nii.gz,0.9619888899007376,0.9689253647586981,0.9768158838898096,2.23606797749979,28.952573520884506,1.0,0.9779843353639343,0.9810717710145956,0.9625026690218763,0.9999296211678401,0.9999415717758195,0.9999600579821804,13.501769314408302,14.079520140886308,51.51707369565964,13.950769956707955,14.432520645856858,50.00732153594494
SBT-MET-A000728-20180326.nii.gz,0.9237468057346231,0.9241057327098051,0.9054583484963232,1.8027764312373833,1.8027764312373833,2.345208489884214,0.8900426975318744,0.8906280164540608,0.8412744829266807,0.9999413680780223,0.9999413679093171,0.9999342129881811,16.804274038672446,16.834774082303046,41.0363087028265,15.578022284507751,15.615022337436676,35.21855038046837
SBT-MET-A000729-20181109.nii.gz,0.8590540227220033,0.9415195821776438,0.8634618853379831,3.201563905984071,4.847682513245371,5.38516905736486,0.901111462412141,0.907062639130906,0.7691743905464222,0.9996181676511087,0.9999440815557286,0.9999478599599394,20.558529409170152,29.985292894244193,44.34306343317032,22.57153228878975,27.790539754629137,34.65879957973957
SBT-MET-B000730-20180517.nii.gz,0.8897438837044,0.89334086292798,0.9336811719021879,2.5,2.5,1.5000009536746954,0.8029316095711838,0.8117711325018002,0.8776991962720202,0.9999944977752239,0.9999839892343423,0.9999759052954904,30.205293208956718,30.205293208956718,106.22390195429325,24.31103477716446,24.689285318255425,93.48588373243808
SBT-MET-B000731-20180316.nii.gz,0.7823620868363469,0.9548902786515191,0.9400040219919484,4.82183012728569,1.1180352682384378,1.1180352682384378,0.6598912040409928,0.9399679440477925,0.8928722027801905,0.999973766179585,0.9999720691130353,0.9999549654875644,10.294514726400376,10.294514726400376,69.36584922850132,7.0715101158618925,9.972764266133309,62.409839277863504
SBT-MET-B000732-20161017.nii.gz,0.8566390144553176,0.9689608243414017,0.860918336926906,1.5000009536746954,5.099024002336127,4.18330321029028,0.9384353062816304,0.960621801605582,0.755884710203005,0.9996717453862743,0.9999457080630489,0.9999986896801087,13.782269715666772,25.940787108540533,123.21142625510693,16.414273480772973,25.494286469817162,93.14738324820995
SBT-MET-B000733-20181114.nii.gz,0.9146779816761709,0.7851728393083223,0.9193913887989641,7.549837466886286,5.522684652992594,1.870829458027908,0.85069374622964,0.6489615343859277,0.9761984784136393,0.9999955945513411,0.9999963704566484,0.9997724864493005,4.973007113933563,9.437013499736786,16.364523409605027,4.277256118655205,6.16275881588459,18.386776302456855
SBT-MET-B000734-20180423.nii.gz,0.9739360805375593,0.9737433494036072,0.9732337996361583,1.0,1.0,1.0000014305114746,0.9670467371965334,0.9677764202810019,0.958523728440766,0.9999535913431189,0.9999506167710356,0.9998918043443111,26.135537387132644,26.192037467956542,101.1603947108984,25.765786858201025,25.87103700876236,98.10239033639431
SBT-MET-D000739-20180319.nii.gz,0.9748021138100746,0.9757854139024446,0.8777021659693904,1.118033988749895,1.1180352682384378,7.017844411941945,0.9614782336360789,0.9661600979737253,0.7820682967571604,0.999952705840734,0.9999400534737203,0.9999997357017342,44.70206394672394,44.91006424427032,211.92105315506458,43.48006219863892,44.02406297683716,165.73948709189892
